-- phpMyAdmin SQL Dump
-- version 5.0.2
-- https://www.phpmyadmin.net/
--
-- Host: 127.0.0.1
-- Tempo de geração: 15-Jun-2020 às 00:14
-- Versão do servidor: 10.4.11-MariaDB
-- versão do PHP: 7.4.4

SET SQL_MODE = "NO_AUTO_VALUE_ON_ZERO";
START TRANSACTION;
SET time_zone = "+00:00";


/*!40101 SET @OLD_CHARACTER_SET_CLIENT=@@CHARACTER_SET_CLIENT */;
/*!40101 SET @OLD_CHARACTER_SET_RESULTS=@@CHARACTER_SET_RESULTS */;
/*!40101 SET @OLD_COLLATION_CONNECTION=@@COLLATION_CONNECTION */;
/*!40101 SET NAMES utf8mb4 */;

--
-- Banco de dados: `raruna`
--

INSERT INTO `artists` (`idartist`, `name`, `image`) VALUES
(1, 'Eminem', 'Eminem.jpg'),
(2, 'Catfish and The Bottlemen', 'CatfishandTheBottlemen.png'),
(3, 'Foster The People', 'FosterThePeople.png'),
(4, 'Joy Division', 'JoyDivision.jpg'),
(5, 'Red Hot Chili Peppers', 'RedHotChiliPeppers.jpg'),
(6, 'Avenged Sevenfold', 'AvengedSevenfold.jpg'),
(7, 'Led Zeppling', 'LedZeppling.jpg'),
(8, 'Creedence Clearwater Revival', 'Creedence.png'),
(9, 'Johnny Cash', 'JohnnyCash.jpg'),
(10, 'Jimi Hendrix', 'JimiHendrix.jpg'),
(11, 'Chuck Berry', 'ChuckBerry.jpg');


INSERT INTO `albuns` (`idalbum`, `title`, `year`, `record_comp`, `image`, `idartist`) VALUES
(4, 'The Balance', 2019, 'Island Records', 'TheBalance.jpg', 2),
(5, 'The Balcony', 2014, 'Island Records', 'TheBalcony.jpg', 2),
(6, 'The Ride', 2016, 'Island Records', 'TheRide.jpg', 2),
(7, 'Torches', 2011, 'Sony Music Entertainment', 'Torches.jpg', 3),
(8, 'Supermodel', 2014, 'Columbia Records', 'Supermodel.jpg', 3),
(9, 'III', 2017, 'Sony Music Entertainment', 'III.jpg', 3),
(10, 'Sacred Hearts Club', 2017, 'Columbia Records', 'SacredHeartsClubx.jpg', 3),
(11, 'Unknown Pleasures', 1979, 'London Records 90 Ltd.', 'UnknownPleasures.jpg', 4),
(12, 'Closer', 1980, 'London Records 90 Ltd.', 'Closer.jpg\r\n', 4),
(13, 'Permanent', 1995, 'London Records 90 Ltd.', 'Permanent.jpg', 4),
(14, 'The Peel Sessions', 1990, 'London Records 90 Ltd.', 'ThePeelSessions.jpg', 4),
(15, 'Fractured Box', 2001, 'London Records Ltd.', 'FracturedBox.jpg', 4),
(16, 'Californication', 1999, 'Warner Records Inc.', 'Californication.jpg', 5),
(17, 'By the Way', 2002, 'Warner Records Inc.', 'ByTheWay.jpg', 5),
(18, 'The Getaway', 2016, 'Warner Records Inc.', 'TheGetaway.jpg', 5),
(19, 'Blood Sugar Sex Magik', 1991, 'Warner Records Inc.', 'BloodSugarSexMagik.jpg', 5),
(20, 'Stadium Arcadium', 2006, 'Warner Records Inc.', 'StadiumArcadium.jpg', 5),
(21, 'Nightmare', 2010, 'Warner Records Inc.', 'Nightmare.jpg', 6),
(22, 'The Stage', 2016, 'Warner Records Inc.', 'TheStage.jpg', 6),
(23, 'Hail to the King', 2013, 'Warner Records Inc.', 'HailtotheKing.jpg', 6),
(24, 'Live in the LBC & Diamonds in the Rough', 2008, 'Warner Records Inc.', 'LiveintheLBC&DiamondsintheRough.jpg', 6),
(25, 'Avenged Sevenfold', 2007, 'Warner Records Inc.', 'AvengedSevenfold1.jpg', 6),
(26, 'Led Zeppling', 1969, 'Atlantic Records', 'LedZeppling.jpg', 7),
(27, 'Led Zeppling IV', 1971, 'Atlantic Records', 'LedZeppelinIV.jpg', 7),
(28, 'Led Zeppling II', 1969, 'Atlantic Records', 'LedZeppelinII.jpg', 7),
(29, 'Led Zeppling III', 1970, 'Atlantic Records', 'LedZeppelinIII.jpg', 7),
(30, 'Physical Graffiti', 1975, 'Atlantic Records', 'PhysicalGraffiti.jpg', 7),
(31, 'Creedence Clearwater Revival', 1968, 'Concord Music Group', 'CreedenceClearwaterRevival.jpg', 8),
(32, 'Bayou Country', 1969, 'Concord Music Group', 'BayouCountry.jpg', 8),
(33, 'Green River', 1969, 'Concord Music Group', 'GreenRiver.jpg', 8),
(34, 'Willy and the Poor Boys', 1969, 'Concord Music Group', 'WillyandthePoorBoys.jpg', 8),
(35, 'Cosmo\'s Factory', 1970, 'Concord Music Group', 'CosmosFactory.jpg', 8),
(36, 'At San Quentin', 1969, 'Sony Music Entertainment', 'AtSanQuentin.jpg', 9),
(37, 'American Recordings', 1994, 'Sony Music Entertainment', 'AmericanRecordings.jpg', 9),
(38, 'American IV: The Man Comes Around', 2002, 'Sony Music Entertainment', 'AmericanIVTheManComesAround.jpg', 9),
(39, 'Orange Blossom Special', 1965, 'Sony Music Entertainment', 'OrangeBlossomSpecial.jpg', 9),
(40, 'The Johnny Cash Children\'s Album', 1975, 'Sony Music Entertainment', 'TheJohnnyCashChildrensAlbum.jpg', 9),
(41, 'Woodstock', 1994, 'Sony Music Entertainment', 'Woodstock.jpg', 10),
(42, 'Electric Ladyland', 1968, 'Sony Music Entertainment', 'ElectricLadyland.jpg', 10),
(43, 'Band of Gypsys', 1970, 'Sony Music Entertainment', 'BandofGypsys.jpg', 10),
(44, 'The Cry of Love', 1971, 'Sony Music Entertainment', 'TheCryofLove.jpg', 10),
(45, 'Hendrix in the West', 1972, 'Sony Music Entertainment', 'HendrixintheWest.jpg', 10),
(46, 'Chuck Berry Is on Top', 1959, '1964 UMG Recordings Inc.', 'ChuckBerryIsonTop.jpg', 11),
(47, 'St. Louis to Liverpool', 1964, '1964 UMG Recordings Inc.', 'StLouistoLiverpool.jpg', 11),
(48, 'One Dozen Berrys', 1958, '1964 UMG Recordings Inc.', 'OneDozenBerrys.jpg', 11),
(49, 'Two Great Guitars', 1964, '1964 UMG Recordings Inc.', 'TwoGreatGuitars.jpg', 11),
(50, 'Rockin\' at the Hops', 1960, '1964 UMG Recordings Inc.', 'RockinattheHops.jpg', 11),
(51, 'The Eminem Show', 2002, 'Aftermath Records', 'TheEminemShow.jpg', 1),
(52, 'Music Be Murdered By', 2020, 'Aftermath Records', 'MusictoBeMurderedBy.jpg', 1),
(53, 'The Marshall Mathers LP', 2000, 'Aftermath Records', 'TheMarshallMathersLP.jpg', 1),
(54, 'Kamikaze', 2018, 'Aftermath Records', 'Kamikaze.jpg', 1),
(55, 'Revival', 2017, 'Aftermath Records', 'Revival.jpg', 1);

INSERT INTO `musics` (`idmusic`, `title`, `duration`, `idalbum`) VALUES
(5, 'Longshot', '03:52', 4),
(6, 'Fluctuate', '03:12', 4),
(7, '2all', '03:08', 4),
(8, 'Conversation', '03:31', 4),
(9, 'Sidetrack', '03:20', 4),
(10, 'Encore', '02:45', 4),
(11, 'Basically', '03:21', 4),
(12, 'Intermission', '01:47', 4),
(13, 'Mission', '03:43', 4),
(14, 'Coincide', '03:05', 4),
(15, 'Overlap', '03:22', 4),
(20, 'Homesick', '02:30', 5),
(21, 'Kathleen', '02:43', 5),
(22, 'Cocoon', '03:59', 5),
(23, 'Fallout', '03:32', 5),
(24, 'Pacifier', '04:00', 5),
(25, 'Hourglass', '02:20', 5),
(26, 'Business', '03:43', 5),
(27, '26', '03:41', 5),
(28, 'Rango', '03:00', 5),
(29, 'Sidewinder', '03:29', 5),
(30, 'Tyrants', '04:41', 5),
(31, '7', '04:16', 6),
(40, 'Heathrow', '02:51', 6),
(42, 'Outside', '05:11', 6),
(43, 'Red', '03:48', 6),
(44, 'Emily', '02:18', 6),
(45, 'Oxygen', '02:49', 6),
(46, 'Glasgow', '02:36', 6),
(47, 'Anything', '04:09', 6),
(48, 'Postpone', '04:05', 6),
(49, 'Soundcheck', '04:21', 6),
(50, 'Twice', '03:16', 6),
(51, 'Helena Beat', '04:36', 7),
(52, 'Pumped Up Kicks\" ', '04:00', 7),
(61, 'Call It What You Want', '04:01', 7),
(62, 'Don\'t Stop (Color on the Walls)', '02:56', 7),
(63, 'Waste', '03:26', 7),
(64, 'I Would Do Anything for You', '03:35', 7),
(65, 'Houdini', '03:36', 7),
(66, 'Life on the Nickel', '03:36', 7),
(67, 'Miss You', '03:36', 7),
(68, 'Warrant', '05:23', 7),
(69, 'Are You What You Want to Be?', '04:30', 8),
(70, 'Ask Yourself', '04:23', 8),
(71, 'Coming of Age', '04:40', 8),
(72, 'Nevermind', '05:17', 8),
(73, 'Pseudologia Fantastica', '05:31', 8),
(74, 'The Angelic Welcome of Mr. Jones', '00:33', 8),
(75, 'Best Friend', '04:28', 8),
(76, 'A Beginner\'s Guide to Destroying the Moon', '04:39', 8),
(77, 'Goats in Trees', '05:09', 8),
(78, 'The Truth', '04:29', 8),
(79, 'Fire Escape', '04:22', 8),
(80, 'Pay the Man', '03:54', 9),
(81, 'Doing It for the Money', '03:46', 9),
(82, 'SHC', '04:14', 9),
(83, 'III	', '04:09', 10),
(84, 'Harden the Paint	', '03:54', 10),
(85, 'Loyal Like Sid & Nancy	', '04:40', 10),
(86, 'Time to Get Closer	', '00:57', 10),
(87, 'Lotus Eater	', '03:02', 10),
(88, 'Static Space Lover	', '04:00', 10),
(89, 'Orange Dream	', '01:20', 10),
(90, 'I Love My Friends	', '03:45', 10),
(91, ' SHC	', '04:16', 10),
(92, ' Sit Next to Me	', '04:03', 10),
(93, ' Doing It for the Money  ', '03:46', 10),
(94, 'Pay the Man	', '03:53', 10),
(95, 'New Dawn Fades', ' 04:4', 11),
(96, ' Disorder  	', '03:32', 11),
(97, '  Day of the Lords  	', '04:49', 11),
(98, ' Candidate  	', '03:05', 11),
(99, ' Insight  	', '04:29', 11),
(103, 'Atrocity Exhibition', '06:06', 12),
(104, 'Isolation 	', '02:53', 12),
(105, 'Passover', '04:46', 12),
(106, 'Colony', '03:55', 12),
(107, 'A Means to an End', '04:07', 12),
(108, 'Love Will Tear Us Apart', '03:11', 13),
(109, 'Transmission', '03:34', 13),
(110, 'She\'s Lost Control', '03:58', 13),
(111, 'Shadowplay', '03:53', 13),
(112, 'Day of the Lords', '04:45', 13),
(113, 'Isolation', '02:53', 13),
(114, 'Passover', '04:44', 13),
(115, 'Heart and Soul', '05:48', 13),
(116, 'Twenty Four Hours', '04:26', 13),
(117, 'These Days', '03:27', 13),
(118, 'Novelty', '04:00', 13),
(119, 'Dead Souls', '04:53', 13),
(120, 'The Only Mistake', '04:13', 13),
(121, 'Something Must Break', '02:52', 13),
(122, 'Atmosphere', '04:10', 13),
(123, 'Love Will Tear Us Apart\" (Permanent Mix)', '03:37', 13),
(124, 'Exercise One', '02:30', 14),
(125, 'Insight', '03:55', 14),
(126, 'She\'s Lost Control', '04:10', 14),
(127, 'Transmission', '03:55', 14),
(128, 'Love Will Tear Us Apart', '03:20', 14),
(129, 'Twenty Four Hours', '04:05', 14),
(130, 'Colony', '04:00', 14),
(131, 'Sound of Music', '04:20', 14),
(132, 'Incubation', '03:06', 15),
(133, 'Wilderness', '03:02', 15),
(134, 'Twenty Four Hours', '04:39', 15),
(135, 'The Eternal', '08:39', 15),
(136, 'Heart and Soul', '04:46', 15),
(137, 'Shadowplay', '03:50', 15),
(138, 'Transmission', '03:23', 15),
(139, 'Disorder', '03:23', 15),
(140, 'Warsaw', '02:48', 15),
(141, 'Colony', '04:16', 15),
(142, 'Interzone', '02:28', 15),
(143, 'She\'s Lost Control', '05:02', 15),
(144, 'Around the World', '03:58', 16),
(145, 'Parallel Universe', '04:30', 16),
(146, 'Scar Tissue', '03:35', 16),
(147, 'Otherside', '04:15', 16),
(148, 'Get on Top	', '03:18', 16),
(149, 'Californication', '05:21', 16),
(150, 'Easily', '03:51', 16),
(151, 'Porcelain', '02:43', 16),
(152, 'Emit Remmus', '04:00', 16),
(153, 'I Like Dirt', '02:37', 16),
(154, 'This Velvet Glove', '03:45', 16),
(155, 'Savior', '04:52', 16),
(156, 'Purple Stain', '04:13', 16),
(157, 'Right on Time	', '02:08', 16),
(158, 'Road Trippin', '03:25', 16),
(159, 'By the Way', '03:37', 17),
(160, 'Universally Speaking', '04:19', 17),
(161, 'This Is the Place', '05:12', 17),
(162, 'Dosed', '04:37', 17),
(163, 'Don\'t Forget Me', '03:52', 17),
(164, 'The Zephyr Song', '04:29', 17),
(165, 'Can\'t Stop', '03:13', 17),
(166, 'I Could Die For You', '0', 17),
(167, 'Midnight', '04:55', 17),
(168, 'Throw Away Your Television', '03:44', 17),
(169, 'Cabron', '03:38', 17),
(170, 'Tear', '05:17', 17),
(171, 'On Mercury', '03:28', 17),
(172, 'Minor Thing', '03:37', 17),
(173, 'Warm Tape', '04:16', 17),
(174, 'Venice Queen', '06:07', 17),
(175, 'The Getaway', '04:10', 18),
(176, 'Dark Necessities', '05:02', 18),
(177, 'We Turn Red', '03:20', 18),
(178, 'The Longest Wave', '03:32', 18),
(179, 'Goodbye Angels', '04:28', 18),
(180, 'Dreams Of a Samurai', '03:41', 18),
(181, 'Sick Love', '04:24', 18),
(182, 'Go Robot', '03:23', 18),
(183, 'The Hunter', '03:46', 18),
(184, 'Feasting on the Flowers', '03:34', 18),
(185, 'Detroit', '04:14', 18),
(186, 'This Ticonderoga', '04:00', 18),
(187, 'Encore', '06:09', 18),
(188, 'The Power of Equality', '04:03', 19),
(189, 'If You Have to Ask', '03:37', 19),
(190, 'Breaking the Girl', '04:55', 19),
(191, 'Funky Monks', '05:23', 19),
(192, 'Suck My Kiss', '03:37', 19),
(193, 'I Could Have Lied', '04:04', 19),
(194, 'Mellowship Slinky in B Major', '04:00', 19),
(195, 'The Righteous and the Wicked', '04:08', 19),
(196, 'Give It Away', '04:43', 19),
(197, 'Blood Sugar Sex Magik', '04:32', 19),
(198, 'Under the Bridge', '04:24', 19),
(199, 'Naked in the Rain', '04:26', 19),
(200, 'Apache Rose Peacock', '04:43', 19),
(201, 'The Greeting Song', '03:14', 19),
(202, 'My Lovely Man', '04:39', 19),
(203, 'Sir Psycho Sexy', '08:17', 19),
(204, 'They\'re Red Hot', '01:11', 19),
(205, 'Dani California', '04:42', 20),
(206, 'Snow (Hey Oh)', '05:35', 20),
(207, 'Charlie', '04:37', 20),
(208, 'Stadium Arcadium', '05:15', 20),
(209, 'Hump de Bump', '03:33', 20),
(210, 'She\'s Only 18', '03:25', 20),
(211, 'Slow Cheetah', '05:19', 20),
(212, 'Torture Me', '03:44', 20),
(213, 'Strip My Mind', '04:19', 20),
(214, 'Especially in Michigan', '04:00', 20),
(215, 'Nightmare', '06:14', 21),
(216, 'Welcome to the Family', '04:05', 21),
(217, 'Danger Line', '05:28', 21),
(218, 'Buried Alive', '06:44', 21),
(219, 'Natural Born Killer', '05:15', 21),
(220, 'So Far Away', '05:27', 21),
(221, 'God Hates Us', '05:19', 21),
(222, 'Victim', '07:30', 21),
(223, 'Tonight the World Dies', '04:41', 21),
(224, 'Fiction', '05:12', 21),
(225, 'Save Me', '10:56', 21),
(226, 'Lost It All', '03:50', 21),
(227, 'The Stage', '08:32', 22),
(228, 'Paradigm', '04:18', 22),
(229, 'Sunny Disposition', '06:41', 22),
(230, 'God Damn', '03:41', 22),
(231, 'Creating God', '05:34', 22),
(232, 'Angels', '05:40', 22),
(233, 'Simulation', '05:30', 22),
(234, 'Higher', '06:28', 22),
(235, 'Roman Sky', '05:00', 22),
(236, 'Fermi Paradox', '06:30', 22),
(237, 'Exist', '15:41', 22),
(238, 'Shepherd of Fire', '05:22', 23),
(239, 'Hail to the King', '05:04', 23),
(240, 'Doing Time', '03:27', 23),
(241, 'This Means War', '06:09', 23),
(242, 'Requiem', '04:23', 23),
(243, 'Crimson Day', '04:57', 23),
(244, 'Heretic', '04:55', 23),
(245, 'Coming Home', '06:26', 23),
(246, 'Planets', '05:56', 23),
(247, 'Acid Rain', '06:38', 23),
(248, 'Demons', '06:16', 24),
(249, 'Girl I Know', '04:26', 24),
(250, 'Crossroads', '04:33', 24),
(251, 'Flash of the Blade', '04:05', 24),
(252, 'Until the End', '04:46', 24),
(253, 'Tension', '04:51', 24),
(254, 'Walk ', '05:24', 24),
(255, 'The Fight', '04:09', 24),
(256, 'Dancing Dead', '05:54', 24),
(257, 'Almost Easy', '03:57', 24),
(258, 'Afterlife', '05:55', 24),
(259, 'Critical Acclaim', '05:52', 25),
(260, 'Almost Easy', '03:55', 25),
(261, 'Scream', '04:51', 25),
(262, 'Afterlife', '04:14', 25),
(263, 'Gunslinger', '04:14', 25),
(264, 'Unbound (The Wild Ride)', '05:14', 25),
(265, 'Brompton Cocktail', '04:15', 25),
(266, 'Lost', '05:02', 25),
(267, 'A Little Piece of Heaven', '08:02', 25),
(268, 'Dear God', '06:34', 25),
(269, 'Good Times Bad Times', '02:46', 26),
(270, 'Babe I\'m Gonna Leave You', '06:41', 26),
(271, 'You Shook Me', '06:28', 26),
(272, 'Dazed and Confused', '06:26', 26),
(273, 'Black Dog', '04:57', 27),
(274, 'Rock and Roll', '03:40', 27),
(275, 'The Battle of Evermore', '05:52', 27),
(276, 'Stairway to Heaven', '08:02', 27),
(277, 'Whole Lotta Love', '05:34', 28),
(278, 'What Is and What Should Never Be', '04:47', 28),
(279, 'The Lemon Song', '06:20', 28),
(280, 'Thank You', '04:47', 28),
(281, 'Immigrant Song', '02:26', 29),
(282, 'Friends', '03:55', 29),
(283, 'Celebration Day', '03:29', 29),
(284, 'Since I\'ve Been Loving You', '07:25', 29),
(285, 'Out on the Tiles', '04:04', 29),
(286, 'Night Flight', '03:36', 30),
(287, 'The Wanton Song', '04:06', 30),
(288, 'Boogie with Stu', '03:51', 30),
(289, 'Black Country Woman', '04:24', 30),
(290, 'Sick Again', '04:43', 30),
(291, 'I Put a Spell on You', '04:33', 31),
(292, 'The Working Man', '03:04', 31),
(293, 'Susie Q', '08:37', 31),
(294, 'Ninety-Nine and a Half (Won\'t Do)', '03:39', 31),
(295, 'Get Down Woman', '03:09', 31),
(296, 'Porterville', '02:24', 31),
(297, 'Gloomy', '03:51', 31),
(298, 'Walk on the Water', '04:40', 31),
(299, 'Born on the Bayou', '05:16', 32),
(300, 'Bootleg', '03:03', 32),
(301, 'Graveyard Train', '08:37', 32),
(302, 'Good Golly Miss Molly', '02:44', 32),
(303, 'Penthouse Pauper', '03:39', 32),
(304, 'Proud Mary', '03:09', 32),
(305, 'Keep On Chooglin', '07:43', 32),
(306, 'Green River', '02:36', 33),
(307, 'Commotion', '02:44', 33),
(308, 'Tombstone Shadow', '03:39', 33),
(309, 'Wrote a Song for Everyone', '04:57', 33),
(310, 'Bad Moon Rising', '02:21', 33),
(311, 'Lodi', '03:13', 33),
(312, 'Cross-Tie Walker', '03:20', 33),
(313, 'Sinister Purpose', '03:22', 33),
(314, 'The Night Time Is the Right Time', '03:08', 33),
(315, 'Down on the Corner', '02:47', 34),
(316, 'It Came Out of the Sky', '02:55', 34),
(317, 'Cotton Fields', '02:57', 34),
(318, 'Poorboy Shuffle', '02:24', 34),
(319, 'Feelin\' Blue', '05:06', 34),
(320, 'Fortunate Son', '02:20', 34),
(321, 'Don\'t Look Now', '02:11', 34),
(322, 'The Midnight Special', '04:13', 34),
(323, 'Side o\' the Road', '03:24', 34),
(324, 'Effigy', '06:27', 34),
(325, 'Ramble Tamble', '07:11', 35),
(326, 'Before You Accuse Me', '03:26', 35),
(327, 'Travelin\' Band', '02:07', 35),
(328, 'Ooby Dooby', '02:07', 35),
(329, 'Lookin\' Out My Back Door', '02:32', 35),
(330, 'Run Through the Jungle', '03:04', 35),
(331, 'Up Around the Bend', '02:41', 35),
(332, 'My Baby Left Me', '02:18', 35),
(333, 'Who\'ll Stop The Rain', '02:28', 35),
(334, 'I Heard It Through the Grapevine', '11:02', 35),
(335, 'Long as I Can See the Light', '03:30', 35),
(336, 'Wanted Man', '03:24', 36),
(337, 'Wreck of the Old 97', '02:17', 36),
(338, 'I Walk the Line', '03:13', 36),
(339, 'Darling Companion', '06:10', 36),
(340, 'Starkville City Jail', '02:01', 36),
(341, 'Delia\'s Gone', '02:18', 37),
(342, 'Let the Train Blow the Whistle', '02:15', 37),
(343, 'The Beast in Me', '02:45', 37),
(344, 'Drive On', '02:23', 37),
(345, 'Why Me Lord', '02:20', 37),
(346, 'Thirteen', '02:29', 37),
(347, 'Oh, Bury Me Not', '03:52', 37),
(348, 'Bird on the Wire', '04:01', 37),
(349, 'Tennessee Stud', '02:54', 37),
(350, 'Down There by the Train', '05:34', 37),
(351, 'Redemption', '03:03', 37),
(352, 'Like a Soldier', '02:50', 37),
(353, 'The Man Who Couldn\'t Cry', '05:03', 37),
(354, 'The Man Comes Around', '04:26', 38),
(355, 'Hurt', '03:38', 38),
(356, 'Give My Love to Rose', '03:28', 38),
(357, 'Bridge Over Troubled Waters', '03:55', 38),
(358, 'I Hung My Head', '03:53', 38),
(359, 'The First Time I Ever Saw Your Face', '03:52', 38),
(360, 'Personal Jesus', '03:20', 38),
(361, 'In My Life', '02:57', 38),
(362, 'Sam Hall', '02:40', 38),
(363, 'Danny Boy', '03:19', 38),
(364, 'Orange Blossom Special', '03:06', 39),
(365, 'The Long Black Veil', '03:06', 39),
(366, 'It Ain\'t Me Babe', '03:03', 39),
(367, 'The Wall', '02:09', 39),
(368, 'Don\'t Think Twice, It\'s All Right', '02:56', 39),
(369, 'You Wild Colorado', '01:45', 39),
(370, 'Nasty Dan', '02:07', 40),
(371, 'One and One Makes Two', '02:24', 40),
(372, 'I Got a Boy', '02:55', 40),
(373, 'Little Magic Glasses', '02:22', 40),
(374, 'Miss Tara', '02:08', 40),
(375, 'Dinosaur Song', '01:28', 40),
(376, 'Tiger Whitehead', '03:13', 40),
(377, 'There\'s a Bear in the Woods', '02:23', 40),
(378, 'Call of the Wild', '02:54', 40),
(379, 'Little Green Fountain', '01:50', 40),
(380, 'Introduction', '01:57', 41),
(381, 'Fire', '03:53', 41),
(382, 'Izabella', '05:10', 41),
(383, 'Hear my Train a Comin\'', '09:16', 41),
(384, 'Red House', '05:40', 41),
(385, '…And The Gods Made Love', '01:21', 42),
(386, 'Have You Ever Been', '02:12', 42),
(387, 'Crosstown Traffic', '02:25', 42),
(388, 'Voodoo Chile', '15:05', 42),
(389, 'Little Miss Strange', '02:50', 42),
(390, 'Long Hot Summer Night', '03:30', 42),
(391, 'Come on', '04:10', 42),
(392, 'Gypsy Eyes', '03:46', 42),
(393, 'Burning Of The Midnight Lamp', '03:44', 42),
(394, 'Rainy Day, Dream Away', '03:43', 42),
(395, 'Who Knows', '09:32', 43),
(396, 'Machine Gun', '12:33', 43),
(397, 'Changes', '05:10', 43),
(398, 'Power to Love', '06:53', 43),
(399, 'Message of Love', '05:22', 43),
(400, 'We Gotta Live Together', '05:46', 43),
(401, 'Freedom', '03:24', 44),
(402, 'Drifting', '03:46', 44),
(403, 'Ezy Rider', '04:09', 44),
(404, 'Night Bird Flying', '03:50', 44),
(405, 'My Friend', '04:40', 44),
(406, 'The Queen', '02:40', 45),
(407, 'Sgt. Pepper\'s Lonely Hearts Club Band', '01:16', 45),
(408, 'Little Wing', '03:14', 45),
(409, 'Red House', '13:06', 45),
(410, 'Almost Grown', '02:21', 46),
(411, 'Carol', '02:48', 46),
(412, 'Maybellene', '02:23', 46),
(413, 'Rock Sweet Little & Roller', '02:22', 46),
(414, 'Anthony Boy', '01:54', 46),
(415, 'Johnny B. Goode', '02:41', 46),
(416, 'Little Marie', '02:37', 47),
(417, 'Our Little Rendezvous', '02:03', 47),
(418, 'No Particular Place to Go', '02:44', 47),
(419, 'You Two', '02:11', 47),
(420, 'Promised Land', '02:24', 47),
(421, 'You Never Can Tell', '02:43', 47),
(422, 'Sweet Little Sixteen', '03:03', 48),
(423, 'Blue Feeling', '03:04', 48),
(424, 'La Juanda', '03:14', 48),
(425, 'Rockin\' at the Philharmonic', '03:23', 48),
(426, 'Oh Baby Doll', '02:37', 48),
(427, 'Guitar Boogie', '02:21', 48),
(428, 'Liverpool Drive', '02:56', 49),
(429, 'Chuck\'s Beat', '10:39', 49),
(430, 'When the Saints Go Marching In', '02:52', 49),
(431, 'Bo\'s Beat', '14:08', 49),
(432, 'Fireball', '02:51', 49),
(433, 'Stay Sharp', '03:44', 49),
(434, 'Chuckwalk', '02:30', 49),
(435, 'Stinkey', '02:35', 49),
(436, 'Bye Bye Johnny', '02:02', 50),
(437, 'Worried Life Blues', '02:07', 50),
(438, 'Down the Road a Piece', '02:10', 50),
(439, 'Confessin\' The Blues', '02:06', 50),
(440, 'Too Pooped To Pop', '02:31', 50),
(441, 'Mad Lad', '02:06', 50),
(442, 'Curtains Up', '00:30', 51),
(443, 'White America', '05:24', 51),
(444, 'Business', '04:11', 51),
(445, 'Cleanin\' Out My Closet', '04:57', 51),
(446, 'Square Dance', '05:23', 51),
(447, 'The Kiss', '01:15', 51),
(448, 'Soldier', '03:46', 51),
(449, 'Say Goodbye Hollywood', '04:32', 51),
(450, 'Drips', '04:45', 51),
(451, 'Without Me', '04:50', 51),
(452, 'Premonition', '03:36', 52),
(453, 'Unaccommodating', '03:54', 52),
(454, 'Alfred', '00:30', 52),
(455, 'Those Kinda Nights', '02:57', 52),
(456, 'In Too Deep', '03:14', 52),
(457, 'Godzilla', '03:30', 52),
(458, 'Darkness', '05:37', 52),
(459, 'Leaving Heaven', '04:25', 52),
(460, 'Yah Yah', '04:46', 52),
(461, 'Stepdad', '03:33', 52),
(462, 'Public Service Announcement 2000', '00:25', 53),
(463, 'Kill You', '04:24', 53),
(464, 'Stan', '06:44', 53),
(465, 'Paul', '00:10', 53),
(466, 'Who Knew', '03:47', 53),
(467, 'Steve Berman', '00:53', 53),
(468, 'The Way I Am', '04:50', 53),
(469, 'The Real Slim Shady', '04:44', 53),
(470, 'Remember Me?', '03:38', 53),
(471, 'I\'m Back', '05:10', 53),
(472, 'The Ringer', '05:37', 54),
(473, 'Greatest', '03:46', 54),
(474, 'Lucky You', '04:04', 54),
(475, 'Paul', '00:35', 54),
(476, 'Normal', '03:42', 54),
(477, 'Em Calls Paul', '00:49', 54),
(478, 'Stepping Stone', '05:09', 54),
(479, 'Not Alike', '04:48', 54),
(480, 'Fall', '04:22', 54),
(481, 'Kamikaze', '03:36', 54),
(482, '', '0', 54),
(483, '', '0', 54),
(484, '', '0', 54),
(485, 'Walk on Water', '05:04', 55),
(486, 'Believe', '05:15', 55),
(487, 'Chlorasepic', '05:01', 55),
(488, 'Untouchable', '06:10', 55),
(489, 'River', '03:41', 55),
(490, 'Bad Husband', '04:12', 55),
(491, 'Remind Me (Intro)', '00:26', 55),
(492, 'Remind Me', '03:45', 55),
(493, 'Revival ', '00:51', 55),
(494, 'Like Home', '04:47', 55);
COMMIT;

/*!40101 SET CHARACTER_SET_CLIENT=@OLD_CHARACTER_SET_CLIENT */;
/*!40101 SET CHARACTER_SET_RESULTS=@OLD_CHARACTER_SET_RESULTS */;
/*!40101 SET COLLATION_CONNECTION=@OLD_COLLATION_CONNECTION */;
